{
    "CAR": {
        "covariance": {
            "cov00": 1.997477090137337e-14,
            "cov01": -2.47579831120713e-15,
            "cov02": 3.871018742077242e-15,
            "cov03": 4.601925641501445e-17,
            "cov04": 6.44504077661395e-17,
            "cov05": -1.333100992911705e-18,
            "cov06": -6.435874929798993e-12,
            "cov07": null,
            "cov08": null,
            "cov09": null,
            "cov11": 5.03668761017684e-16,
            "cov12": -1.564192884589868e-16,
            "cov13": -4.430863675322503e-18,
            "cov14": -8.322433830347953e-18,
            "cov15": 1.515388355362343e-18,
            "cov16": 1.437275067632016e-12,
            "cov17": null,
            "cov18": null,
            "cov19": null,
            "cov22": 3.45594666923093e-15,
            "cov23": 9.882969659857576e-18,
            "cov24": 1.32178686689116e-17,
            "cov25": 1.426999437836511e-17,
            "cov26": -1.1427752793313e-13,
            "cov27": null,
            "cov28": null,
            "cov29": null,
            "cov33": 1.158536457050423e-19,
            "cov34": 1.488822749826034e-19,
            "cov35": -4.994947732036155e-22,
            "cov36": -9.56760386045781e-15,
            "cov37": null,
            "cov38": null,
            "cov39": null,
            "cov44": 2.225893112857083e-19,
            "cov45": 3.447191329695695e-21,
            "cov46": -1.062790198226798e-14,
            "cov47": null,
            "cov48": null,
            "cov49": null,
            "cov55": 1.120357070475165e-19,
            "cov56": 5.67933081074811e-15,
            "cov57": null,
            "cov58": null,
            "cov59": null,
            "cov66": 2.471883155510798e-08,
            "cov67": null,
            "cov68": null,
            "cov69": null,
            "cov77": null,
            "cov78": null,
            "cov79": null,
            "cov88": null,
            "cov89": null,
            "cov99": null
        },
        "eigenvalues": [
            2.30331e-12,
            8.89896e-11,
            1.82351e-10,
            1.19206e-08,
            5.07113e-08,
            1.39504e-07,
            0.000157222
        ],
        "coefficient_names": [
            "x",
            "y",
            "z",
            "vx",
            "vy",
            "vz",
            "yarkovski"
        ],
        "coefficient_values": [
            0.4006372547037,
            1.72530013679644,
            -0.120928190519579,
            -0.0102316591071472,
            0.00429614246581118,
            -0.000349929761438411,
            -0.00118541929703336
        ],
        "non_grav_uncertainty": {},
        "coefficient_uncertainties": [
            1.41332e-07,
            2.24426e-08,
            5.87873e-08,
            3.40373e-10,
            4.71794e-10,
            3.34717e-10,
            0.000157222
        ]
    },
    "COM": {
        "covariance": {
            "cov00": 1.903722760582765e-16,
            "cov01": -1.47434163245842e-16,
            "cov02": -2.066146705352834e-15,
            "cov03": 3.068414637597512e-14,
            "cov04": -9.871834383993458e-14,
            "cov05": -9.868599098081353e-14,
            "cov06": -6.657790672964452e-13,
            "cov07": null,
            "cov08": null,
            "cov09": null,
            "cov11": 1.174299528583189e-16,
            "cov12": 2.147079951548079e-15,
            "cov13": -2.456883282252683e-14,
            "cov14": 8.309608061243053e-14,
            "cov15": 8.57623115749212e-14,
            "cov16": 7.741235901378988e-13,
            "cov17": null,
            "cov18": null,
            "cov19": null,
            "cov22": 4.494203757075407e-12,
            "cov23": 1.836269873008393e-11,
            "cov24": -1.125850734554831e-11,
            "cov25": 9.834431941369221e-12,
            "cov26": -7.845630171653076e-12,
            "cov27": null,
            "cov28": null,
            "cov29": null,
            "cov33": 2.681732552138934e-10,
            "cov34": -3.00990351635974e-10,
            "cov35": -4.896421283851155e-11,
            "cov36": -3.46714656961301e-10,
            "cov37": null,
            "cov38": null,
            "cov39": null,
            "cov44": 4.129059735336989e-10,
            "cov45": 1.61251211692271e-10,
            "cov46": 8.646259768670356e-10,
            "cov47": null,
            "cov48": null,
            "cov49": null,
            "cov55": 1.622427586689586e-10,
            "cov56": 8.092275606554158e-10,
            "cov57": null,
            "cov58": null,
            "cov59": null,
            "cov66": 2.471883155510798e-08,
            "cov67": null,
            "cov68": null,
            "cov69": null,
            "cov77": null,
            "cov78": null,
            "cov79": null,
            "cov88": null,
            "cov89": null,
            "cov99": null
        },
        "eigenvalues": [
            1.48802e-10,
            1.34296e-08,
            1.40513e-08,
            2.49534e-08,
            3.9273e-07,
            1.16468e-05,
            0.000157307
        ],
        "coefficient_names": [
            "q",
            "e",
            "i",
            "node",
            "argperi",
            "peri_time",
            "yarkovski"
        ],
        "coefficient_values": [
            0.974691034818114,
            0.307980763141293,
            4.0744770505197,
            183.4982668700381,
            97.2208277743456,
            59765.3930151203,
            -0.00118541929703336
        ],
        "non_grav_uncertainty": {},
        "coefficient_uncertainties": [
            1.37975e-08,
            1.08365e-08,
            2.11995e-06,
            1.6376e-05,
            2.03201e-05,
            1.27375e-05,
            0.000157222
        ]
    },
    "moid_data": {
        "Mars": null,
        "Earth": null,
        "Venus": null,
        "Jupiter": null
    },
    "epoch_data": {
        "epoch": 60000.0,
        "timeform": "MJD",
        "timesystem": "TDT"
    },
    "system_data": {
        "eph": "DE431",
        "refsys": "Ecliptic",
        "refframe": "ICRF",
        "force_model": "????",
        "EclipticObliquityArcseconds": "84381.448"
    },
    "software_data": {
        "mpcorb_version": "0.4",
        "fitting_datetime": "2023/03/17_21:10:13",
        "fitting_software_name": "orbfit",
        "fitting_software_version": "1.0",
        "mpcorb_creation_datetime": "2023-04-13 00:48:58"
    },
    "categorization": {
        "orbit_type_int": 3,
        "orbit_type_str": "Inner Apollo",
        "object_type_int": 0,
        "object_type_str": "Minor Planet",
        "orbit_subtype_int": null,
        "orbit_subtype_str": ""
    },
    "magnitude_data": {
        "G": 0.15,
        "H": 22.958,
        "G1": null,
        "G2": null,
        "G12": null,
        "photometric_model": "????"
    },
    "designation_data": {
        "permid": null,
        "iau_name": "",
        "orbfit_name": "",
        "designation_count": 1,
        "packed_primary_provisional_designation": "K12H13N",
        "unpacked_primary_provisional_designation": "2012 HN13",
        "packed_secondary_provisional_designations": [],
        "unpacked_secondary_provisional_designations": []
    },
    "non_grav_booleans": {
        "non_gravs": true,
        "non_grav_model": {
            "yc": false,
            "srp": false,
            "marsden": false,
            "yabushita": false,
            "yarkovski": true
        },
        "non_grav_coefficients": {
            "A1": false,
            "A2": false,
            "A3": false,
            "DT": false,
            "srp": false,
            "yarkovski": true
        }
    },
    "orbit_fit_statistics": {
        "nopp": 5,
        "score1": 0.0,
        "score2": 0.0,
        "U_param": 0.0,
        "numparams": 7,
        "nobs_radar": 0,
        "nobs_total": 180,
        "snr_below_1": false,