{
    "CAR": {
        "covariance": {
            "cov00": 1.022055768527256e-07,
            "cov01": -4.05458838218137e-08,
            "cov02": 2.071178386715502e-08,
            "cov03": 1.219244232837579e-09,
            "cov04": -5.846816768101758e-11,
            "cov05": 1.235508485799609e-10,
            "cov06": null,
            "cov07": null,
            "cov08": null,
            "cov09": null,
            "cov11": 1.608495476649678e-08,
            "cov12": -8.216544646307896e-09,
            "cov13": -4.836852754951171e-10,
            "cov14": 2.319497069020282e-11,
            "cov15": -4.901372283293037e-11,
            "cov16": null,
            "cov17": null,
            "cov18": null,
            "cov19": null,
            "cov22": 4.197227726127362e-09,
            "cov23": 2.470777621732868e-10,
            "cov24": -1.184843258329573e-11,
            "cov25": 2.50374067106447e-11,
            "cov26": null,
            "cov27": null,
            "cov28": null,
            "cov29": null,
            "cov33": 1.454476896624903e-11,
            "cov34": -6.974860779808183e-13,
            "cov35": 1.473879105739945e-12,
            "cov36": null,
            "cov37": null,
            "cov38": null,
            "cov39": null,
            "cov44": 3.344797511348471e-14,
            "cov45": -7.067892691404065e-14,
            "cov46": null,
            "cov47": null,
            "cov48": null,
            "cov49": null,
            "cov55": 1.493540921457763e-13,
            "cov56": null,
            "cov57": null,
            "cov58": null,
            "cov59": null,
            "cov66": null,
            "cov67": null,
            "cov68": null,
            "cov69": null,
            "cov77": null,
            "cov78": null,
            "cov79": null,
            "cov88": null,
            "cov89": null,
            "cov99": null
        },
        "eigenvalues": [
            2.51258e-11,
            5.90358e-11,
            1.15382e-10,
            1.18539e-07,
            1.88815e-07,
            0.000350003
        ],
        "coefficient_names": [
            "x",
            "y",
            "z",
            "vx",
            "vy",
            "vz"
        ],
        "coefficient_values": [
            -1.6279812825859,
            -0.714760261709504,
            -0.148726549970707,
            -7.41039196837164e-05,
            -0.0124575825512761,
            -0.000262295629888257
        ],
        "non_grav_uncertainty": {},
        "coefficient_uncertainties": [
            0.000319696,
            0.000126826,
            6.4786e-05,
            3.81376e-06,
            1.82888e-07,
            3.86464e-07
        ]
    },
    "COM": {
        "covariance": {
            "cov00": 7.644672849038992e-13,
            "cov01": 1.217905433994552e-10,
            "cov02": 1.161253623301031e-09,
            "cov03": 1.946859717250008e-10,
            "cov04": -6.987620853037548e-10,
            "cov05": 1.478409522357208e-10,
            "cov06": null,
            "cov07": null,
            "cov08": null,
            "cov09": null,
            "cov11": 1.945808371995921e-08,
            "cov12": 1.855166555801066e-07,
            "cov13": 3.108457864202273e-08,
            "cov14": -1.117540022031548e-07,
            "cov15": 2.351272619160867e-08,
            "cov16": null,
            "cov17": null,
            "cov18": null,
            "cov19": null,
            "cov22": 1.768766157834748e-06,
            "cov23": 2.963673021063164e-07,
            "cov24": -1.065461883219046e-06,
            "cov25": 2.241902692515538e-07,
            "cov26": null,
            "cov27": null,
            "cov28": null,
            "cov29": null,
            "cov33": 4.96823637522816e-08,
            "cov34": -1.785119944235692e-07,
            "cov35": 3.759382067299533e-08,
            "cov36": null,
            "cov37": null,
            "cov38": null,
            "cov39": null,
            "cov44": 6.421533312450074e-07,
            "cov45": -1.347727673754936e-07,
            "cov46": null,
            "cov47": null,
            "cov48": null,
            "cov49": null,
            "cov55": 2.865499052870847e-08,
            "cov56": null,
            "cov57": null,
            "cov58": null,
            "cov59": null,
            "cov66": null,
            "cov67": null,
            "cov68": null,
            "cov69": null,
            "cov77": null,
            "cov78": null,
            "cov79": null,
            "cov88": null,
            "cov89": null,
            "cov99": null
        },
        "eigenvalues": [
            3.40785e-09,
            1.45923e-08,
            7.35634e-08,
            1.06834e-07,
            1.00535e-05,
            0.000220822
        ],
        "coefficient_names": [
            "q",
            "e",
            "i",
            "node",
            "argperi",
            "peri_time"
        ],
        "coefficient_values": [
            0.986422229387087,
            0.41183913857958,
            4.8503289061181,
            284.0254746937864,
            157.4478068170326,
            58833.391454245
        ],
        "non_grav_uncertainty": {},
        "coefficient_uncertainties": [
            8.74338e-07,
            0.000139492,
            0.00132995,
            0.000222895,
            0.000801345,
            0.000169278
        ]
    },
    "moid_data": {
        "Mars": null,
        "Earth": null,
        "Venus": null,
        "Jupiter": null
    },
    "epoch_data": {
        "epoch": 59000.0,
        "timeform": "MJD",
        "timesystem": "TDT"
    },
    "system_data": {
        "eph": "DE431",
        "refsys": "Ecliptic",
        "refframe": "ICRF",
        "force_model": "????",
        "EclipticObliquityArcseconds": "84381.448"
    },
    "software_data": {
        "mpcorb_version": "0.4",
        "fitting_datetime": "2022/09/01_17:34:16",
        "fitting_software_name": "orbfit",
        "fitting_software_version": "1.0",
        "mpcorb_creation_datetime": "2023-04-12 20:05:07"
    },
    "categorization": {
        "orbit_type_int": 3,
        "orbit_type_str": "Inner Apollo",
        "object_type_int": 0,
        "object_type_str": "Minor Planet",
        "orbit_subtype_int": null,
        "orbit_subtype_str": ""
    },
    "magnitude_data": {
        "G": 0.15,
        "H": 26.036,
        "G1": null,
        "G2": null,
        "G12": null,
        "photometric_model": "????"
    },
    "designation_data": {
        "permid": null,
        "iau_name": "",
        "orbfit_name": "",
        "designation_count": 1,
        "packed_primary_provisional_designation": "K20A00B",
        "unpacked_primary_provisional_designation": "2020 AB",
        "packed_secondary_provisional_designations": [],
        "unpacked_secondary_provisional_designations": []
    },
    "non_grav_booleans": {
        "non_gravs": false,
        "non_grav_model": {
            "yc": false,
            "srp": false,
            "marsden": false,
            "yabushita": false,
            "yarkovski": false
        },
        "non_grav_coefficients": {
            "A1": false,
            "A2": false,
            "A3": false,
            "DT": false,
            "srp": false,
            "yarkovski": false
        }
    },
    "orbit_fit_statistics": {
        "nopp": 1,
        "score1": 0.0,
        "score2": 0.0,
        "U_param": 0.0,
        "numparams": 6,
        "nobs_radar": 0,
        "nobs_total": 85,
        "snr_below_1": false,
        "snr_below_3": false,
        "nobs_optical": 85,
        "orbit_quality": "good",
        "arc_length_sel": "20 days",
        "nobs_radar_sel": 0,
        "nobs_total_sel": 85,
        "normalized_RMS": 0.876546,
        "arc_length_total": "20 days",
        "nobs_optical_sel": 85,
        "not_normalized_RMS": null,